PRAGMA foreign_keys=OFF;
BEGIN TRANSACTION;
CREATE TABLE IF NOT EXISTS "django_migrations" ("id" integer NOT NULL PRIMARY KEY AUTOINCREMENT, "app" varchar(255) NOT NULL, "name" varchar(255) NOT NULL, "applied" datetime NOT NULL);
INSERT INTO django_migrations VALUES(1,'contenttypes','0001_initial','2021-11-26 00:27:14.852131');
INSERT INTO django_migrations VALUES(2,'auth','0001_initial','2021-11-26 00:27:14.932620');
INSERT INTO django_migrations VALUES(3,'account','0001_initial','2021-11-26 00:27:15.006195');
INSERT INTO django_migrations VALUES(4,'account','0002_email_max_length','2021-11-26 00:27:15.040010');
INSERT INTO django_migrations VALUES(5,'account','0003_auto_20211125_2127','2021-11-26 00:27:15.086873');
INSERT INTO django_migrations VALUES(6,'admin','0001_initial','2021-11-26 00:27:15.172385');
INSERT INTO django_migrations VALUES(7,'admin','0002_logentry_remove_auto_add','2021-11-26 00:27:15.210054');
INSERT INTO django_migrations VALUES(8,'admin','0003_logentry_add_action_flag_choices','2021-11-26 00:27:15.257578');
INSERT INTO django_migrations VALUES(9,'contenttypes','0002_remove_content_type_name','2021-11-26 00:27:15.313188');
INSERT INTO django_migrations VALUES(10,'auth','0002_alter_permission_name_max_length','2021-11-26 00:27:15.359866');
INSERT INTO django_migrations VALUES(11,'auth','0003_alter_user_email_max_length','2021-11-26 00:27:15.404123');
INSERT INTO django_migrations VALUES(12,'auth','0004_alter_user_username_opts','2021-11-26 00:27:15.454778');
INSERT INTO django_migrations VALUES(13,'auth','0005_alter_user_last_login_null','2021-11-26 00:27:15.498009');
INSERT INTO django_migrations VALUES(14,'auth','0006_require_contenttypes_0002','2021-11-26 00:27:15.529899');
INSERT INTO django_migrations VALUES(15,'auth','0007_alter_validators_add_error_messages','2021-11-26 00:27:15.567993');
INSERT INTO django_migrations VALUES(16,'auth','0008_alter_user_username_max_length','2021-11-26 00:27:15.610910');
INSERT INTO django_migrations VALUES(17,'auth','0009_alter_user_last_name_max_length','2021-11-26 00:27:15.653404');
INSERT INTO django_migrations VALUES(18,'auth','0010_alter_group_name_max_length','2021-11-26 00:27:15.692260');
INSERT INTO django_migrations VALUES(19,'auth','0011_update_proxy_permissions','2021-11-26 00:27:15.735210');
INSERT INTO django_migrations VALUES(20,'auth','0012_alter_user_first_name_max_length','2021-11-26 00:27:15.770708');
INSERT INTO django_migrations VALUES(21,'core','0001_initial','2021-11-26 00:27:15.894754');
INSERT INTO django_migrations VALUES(22,'sessions','0001_initial','2021-11-26 00:27:15.950612');
INSERT INTO django_migrations VALUES(23,'sites','0001_initial','2021-11-26 00:27:15.975314');
INSERT INTO django_migrations VALUES(24,'sites','0002_alter_domain_unique','2021-11-26 00:27:16.009770');
INSERT INTO django_migrations VALUES(25,'socialaccount','0001_initial','2021-11-26 00:27:16.131874');
INSERT INTO django_migrations VALUES(26,'socialaccount','0002_token_max_lengths','2021-11-26 00:27:16.190115');
INSERT INTO django_migrations VALUES(27,'socialaccount','0003_extra_data_default_dict','2021-11-26 00:27:16.240580');
INSERT INTO django_migrations VALUES(28,'socialaccount','0004_auto_20211125_2127','2021-11-26 00:27:16.325533');
CREATE TABLE IF NOT EXISTS "auth_group_permissions" ("id" integer NOT NULL PRIMARY KEY AUTOINCREMENT, "group_id" integer NOT NULL REFERENCES "auth_group" ("id") DEFERRABLE INITIALLY DEFERRED, "permission_id" integer NOT NULL REFERENCES "auth_permission" ("id") DEFERRABLE INITIALLY DEFERRED);
CREATE TABLE IF NOT EXISTS "auth_user_groups" ("id" integer NOT NULL PRIMARY KEY AUTOINCREMENT, "user_id" integer NOT NULL REFERENCES "auth_user" ("id") DEFERRABLE INITIALLY DEFERRED, "group_id" integer NOT NULL REFERENCES "auth_group" ("id") DEFERRABLE INITIALLY DEFERRED);
CREATE TABLE IF NOT EXISTS "auth_user_user_permissions" ("id" integer NOT NULL PRIMARY KEY AUTOINCREMENT, "user_id" integer NOT NULL REFERENCES "auth_user" ("id") DEFERRABLE INITIALLY DEFERRED, "permission_id" integer NOT NULL REFERENCES "auth_permission" ("id") DEFERRABLE INITIALLY DEFERRED);
CREATE TABLE IF NOT EXISTS "account_emailaddress" ("id" integer NOT NULL PRIMARY KEY AUTOINCREMENT, "email" varchar(254) NOT NULL UNIQUE, "verified" bool NOT NULL, "primary" bool NOT NULL, "user_id" integer NOT NULL REFERENCES "auth_user" ("id") DEFERRABLE INITIALLY DEFERRED);
CREATE TABLE IF NOT EXISTS "account_emailconfirmation" ("id" integer NOT NULL PRIMARY KEY AUTOINCREMENT, "created" datetime NOT NULL, "sent" datetime NULL, "key" varchar(64) NOT NULL UNIQUE, "email_address_id" bigint NOT NULL REFERENCES "account_emailaddress" ("id") DEFERRABLE INITIALLY DEFERRED);
CREATE TABLE IF NOT EXISTS "django_admin_log" ("id" integer NOT NULL PRIMARY KEY AUTOINCREMENT, "action_time" datetime NOT NULL, "object_id" text NULL, "object_repr" varchar(200) NOT NULL, "change_message" text NOT NULL, "content_type_id" integer NULL REFERENCES "django_content_type" ("id") DEFERRABLE INITIALLY DEFERRED, "user_id" integer NOT NULL REFERENCES "auth_user" ("id") DEFERRABLE INITIALLY DEFERRED, "action_flag" smallint unsigned NOT NULL CHECK ("action_flag" >= 0));
INSERT INTO django_admin_log VALUES(1,'2021-11-26 00:50:55.983680','5','Robert22','[{"changed": {"fields": ["First name", "Last name"]}}]',4,1,2);
INSERT INTO django_admin_log VALUES(2,'2021-11-26 00:51:14.453501','5','Robert22','[{"changed": {"fields": ["First name"]}}]',4,1,2);
INSERT INTO django_admin_log VALUES(3,'2021-11-26 00:51:29.274319','1','admin','[{"changed": {"fields": ["First name", "Last name"]}}]',4,1,2);
INSERT INTO django_admin_log VALUES(4,'2021-11-26 00:51:40.957902','2','abadias','[{"changed": {"fields": ["First name", "Last name"]}}]',4,1,2);
INSERT INTO django_admin_log VALUES(5,'2021-11-26 00:51:57.976906','8','binguelinho','[{"changed": {"fields": ["First name", "Last name"]}}]',4,1,2);
INSERT INTO django_admin_log VALUES(6,'2021-11-26 00:52:09.780491','3','carlos','[{"changed": {"fields": ["First name", "Last name"]}}]',4,1,2);
INSERT INTO django_admin_log VALUES(7,'2021-11-26 00:52:25.220375','10','cascao','[{"changed": {"fields": ["First name", "Last name"]}}]',4,1,2);
INSERT INTO django_admin_log VALUES(8,'2021-11-26 00:52:38.601044','7','cavalodetroia','[{"changed": {"fields": ["First name", "Last name"]}}]',4,1,2);
INSERT INTO django_admin_log VALUES(9,'2021-11-26 00:52:56.769661','4','jonas','[{"changed": {"fields": ["First name", "Last name"]}}]',4,1,2);
INSERT INTO django_admin_log VALUES(10,'2021-11-26 00:53:08.475156','9','monica','[{"changed": {"fields": ["First name", "Last name"]}}]',4,1,2);
INSERT INTO django_admin_log VALUES(11,'2021-11-26 00:53:18.903817','6','pianista','[{"changed": {"fields": ["First name", "Last name"]}}]',4,1,2);
INSERT INTO django_admin_log VALUES(12,'2021-11-26 00:54:01.049441','1','Pesados','[{"added": {}}]',13,1,1);
INSERT INTO django_admin_log VALUES(13,'2021-11-26 00:54:04.800603','1','Servico1','[{"added": {}}]',15,1,1);
INSERT INTO django_admin_log VALUES(14,'2021-11-26 00:54:30.783218','2','Sujos','[{"added": {}}]',13,1,1);
INSERT INTO django_admin_log VALUES(15,'2021-11-26 00:54:42.126030','3','Leves','[{"added": {}}]',13,1,1);
INSERT INTO django_admin_log VALUES(16,'2021-11-26 00:54:51.444724','4','Industrial','[{"added": {}}]',13,1,1);
INSERT INTO django_admin_log VALUES(17,'2021-11-26 00:55:14.932974','5','Transpostes','[{"added": {}}]',13,1,1);
INSERT INTO django_admin_log VALUES(18,'2021-11-26 00:55:29.624013','2','Servico2','[{"added": {}}]',15,1,1);
INSERT INTO django_admin_log VALUES(19,'2021-11-26 00:55:41.140115','3','servico45','[{"added": {}}]',15,1,1);
INSERT INTO django_admin_log VALUES(20,'2021-11-26 00:55:56.419166','4','seriiicos','[{"added": {}}]',15,1,1);
INSERT INTO django_admin_log VALUES(21,'2021-11-26 00:56:09.685297','5','frentistas','[{"added": {}}]',15,1,1);
INSERT INTO django_admin_log VALUES(22,'2021-11-26 00:57:58.023384','1','admin Profile','[{"changed": {"fields": ["Data de nascimento", "G\u00eanero", "Servi\u00e7o", "Descri\u00e7\u00e3o", "CPF", "CEP", "Logradouro", "N\u00famero", "Complemento", "Bairro", "Cidade", "Estado"]}}]',14,1,2);
INSERT INTO django_admin_log VALUES(23,'2021-11-26 00:58:08.962141','1','admin Profile','[]',14,1,2);
INSERT INTO django_admin_log VALUES(24,'2021-11-26 00:58:32.320627','2','abadias Profile','[{"changed": {"fields": ["Data de nascimento", "G\u00eanero", "Servi\u00e7o", "Descri\u00e7\u00e3o", "CPF", "CEP", "Logradouro", "N\u00famero", "Complemento", "Bairro", "Cidade", "Estado"]}}]',14,1,2);
INSERT INTO django_admin_log VALUES(25,'2021-11-26 00:58:46.697963','1','admin Profile','[]',14,1,2);
INSERT INTO django_admin_log VALUES(26,'2021-11-26 00:58:51.734115','2','abadias Profile','[]',14,1,2);
INSERT INTO django_admin_log VALUES(27,'2021-11-26 00:59:18.783406','3','carlos Profile','[{"changed": {"fields": ["Data de nascimento", "G\u00eanero", "Servi\u00e7o", "Descri\u00e7\u00e3o", "CPF", "CEP", "Logradouro", "N\u00famero", "Complemento", "Bairro", "Cidade", "Estado"]}}]',14,1,2);
INSERT INTO django_admin_log VALUES(28,'2021-11-26 00:59:43.503512','4','jonas Profile','[{"changed": {"fields": ["Data de nascimento", "G\u00eanero", "Servi\u00e7o", "Descri\u00e7\u00e3o", "CPF", "CEP", "Logradouro", "N\u00famero", "Complemento", "Bairro", "Cidade", "Estado"]}}]',14,1,2);
INSERT INTO django_admin_log VALUES(29,'2021-11-26 01:00:09.270810','5','Robert22 Profile','[{"changed": {"fields": ["Data de nascimento", "G\u00eanero", "Servi\u00e7o", "Descri\u00e7\u00e3o", "CPF", "CEP", "Logradouro", "N\u00famero", "Complemento", "Bairro", "Cidade", "Estado"]}}]',14,1,2);
INSERT INTO django_admin_log VALUES(30,'2021-11-26 01:01:04.203555','5','Robert22 Profile','[]',14,1,2);
INSERT INTO django_admin_log VALUES(31,'2021-11-26 01:01:24.896638','6','pianista Profile','[{"changed": {"fields": ["Data de nascimento", "G\u00eanero", "Descri\u00e7\u00e3o", "CPF", "CEP", "Logradouro", "N\u00famero", "Complemento", "Bairro", "Cidade", "Estado"]}}]',14,1,2);
INSERT INTO django_admin_log VALUES(32,'2021-11-26 01:02:24.990996','7','cavalodetroia Profile','[{"changed": {"fields": ["Data de nascimento", "G\u00eanero", "Servi\u00e7o", "Descri\u00e7\u00e3o", "CPF", "CEP", "Logradouro", "N\u00famero", "Complemento", "Bairro", "Cidade", "Estado"]}}]',14,1,2);
INSERT INTO django_admin_log VALUES(33,'2021-11-26 01:02:50.148029','8','binguelinho Profile','[{"changed": {"fields": ["Data de nascimento", "G\u00eanero", "Servi\u00e7o", "Descri\u00e7\u00e3o", "CPF", "CEP", "Logradouro", "N\u00famero", "Complemento", "Bairro", "Cidade", "Estado"]}}]',14,1,2);
INSERT INTO django_admin_log VALUES(34,'2021-11-26 01:03:22.956468','8','binguelinho Profile','[]',14,1,2);
INSERT INTO django_admin_log VALUES(35,'2021-11-26 01:03:52.092859','9','monica Profile','[{"changed": {"fields": ["Data de nascimento", "G\u00eanero", "Servi\u00e7o", "Descri\u00e7\u00e3o", "CPF", "CEP", "Logradouro", "N\u00famero", "Complemento", "Bairro", "Cidade", "Estado"]}}]',14,1,2);
INSERT INTO django_admin_log VALUES(36,'2021-11-26 01:04:21.909791','10','cascao Profile','[{"changed": {"fields": ["Data de nascimento", "G\u00eanero", "Servi\u00e7o", "Descri\u00e7\u00e3o", "CPF", "CEP", "Logradouro", "N\u00famero", "Complemento", "Bairro", "Cidade", "Estado"]}}]',14,1,2);
INSERT INTO django_admin_log VALUES(37,'2021-11-26 01:05:37.516773','1','perspiciatis unde omnis iste natus error','[{"added": {}}]',16,1,1);
INSERT INTO django_admin_log VALUES(38,'2021-11-26 01:06:01.311741','2','pleasure rationally encounter consequenc','[{"added": {}}]',16,1,1);
INSERT INTO django_admin_log VALUES(39,'2021-11-26 01:06:29.920157','3','voluptatem sequi nesciun','[{"added": {}}]',16,1,1);
INSERT INTO django_admin_log VALUES(40,'2021-11-26 01:06:59.833209','4','sequi nesciun','[{"added": {}}]',16,1,1);
INSERT INTO django_admin_log VALUES(41,'2021-11-26 01:07:16.960621','5','eaque ipsa quae ab illo','[{"added": {}}]',16,1,1);
INSERT INTO django_admin_log VALUES(42,'2021-11-26 01:17:43.548071','7','cavalodetroia Profile','[]',14,1,2);
CREATE TABLE IF NOT EXISTS "django_content_type" ("id" integer NOT NULL PRIMARY KEY AUTOINCREMENT, "app_label" varchar(100) NOT NULL, "model" varchar(100) NOT NULL);
INSERT INTO django_content_type VALUES(1,'admin','logentry');
INSERT INTO django_content_type VALUES(2,'auth','permission');
INSERT INTO django_content_type VALUES(3,'auth','group');
INSERT INTO django_content_type VALUES(4,'auth','user');
INSERT INTO django_content_type VALUES(5,'contenttypes','contenttype');
INSERT INTO django_content_type VALUES(6,'sessions','session');
INSERT INTO django_content_type VALUES(7,'sites','site');
INSERT INTO django_content_type VALUES(8,'account','emailaddress');
INSERT INTO django_content_type VALUES(9,'account','emailconfirmation');
INSERT INTO django_content_type VALUES(10,'socialaccount','socialaccount');
INSERT INTO django_content_type VALUES(11,'socialaccount','socialapp');
INSERT INTO django_content_type VALUES(12,'socialaccount','socialtoken');
INSERT INTO django_content_type VALUES(13,'core','category');
INSERT INTO django_content_type VALUES(14,'core','profile');
INSERT INTO django_content_type VALUES(15,'core','service');
INSERT INTO django_content_type VALUES(16,'core','review');
INSERT INTO django_content_type VALUES(17,'core','phonenumber');
CREATE TABLE IF NOT EXISTS "auth_permission" ("id" integer NOT NULL PRIMARY KEY AUTOINCREMENT, "content_type_id" integer NOT NULL REFERENCES "django_content_type" ("id") DEFERRABLE INITIALLY DEFERRED, "codename" varchar(100) NOT NULL, "name" varchar(255) NOT NULL);
INSERT INTO auth_permission VALUES(1,1,'add_logentry','Can add log entry');
INSERT INTO auth_permission VALUES(2,1,'change_logentry','Can change log entry');
INSERT INTO auth_permission VALUES(3,1,'delete_logentry','Can delete log entry');
INSERT INTO auth_permission VALUES(4,1,'view_logentry','Can view log entry');
INSERT INTO auth_permission VALUES(5,2,'add_permission','Can add permission');
INSERT INTO auth_permission VALUES(6,2,'change_permission','Can change permission');
INSERT INTO auth_permission VALUES(7,2,'delete_permission','Can delete permission');
INSERT INTO auth_permission VALUES(8,2,'view_permission','Can view permission');
INSERT INTO auth_permission VALUES(9,3,'add_group','Can add group');
INSERT INTO auth_permission VALUES(10,3,'change_group','Can change group');
INSERT INTO auth_permission VALUES(11,3,'delete_group','Can delete group');
INSERT INTO auth_permission VALUES(12,3,'view_group','Can view group');
INSERT INTO auth_permission VALUES(13,4,'add_user','Can add user');
INSERT INTO auth_permission VALUES(14,4,'change_user','Can change user');
INSERT INTO auth_permission VALUES(15,4,'delete_user','Can delete user');
INSERT INTO auth_permission VALUES(16,4,'view_user','Can view user');
INSERT INTO auth_permission VALUES(17,5,'add_contenttype','Can add content type');
INSERT INTO auth_permission VALUES(18,5,'change_contenttype','Can change content type');
INSERT INTO auth_permission VALUES(19,5,'delete_contenttype','Can delete content type');
INSERT INTO auth_permission VALUES(20,5,'view_contenttype','Can view content type');
INSERT INTO auth_permission VALUES(21,6,'add_session','Can add session');
INSERT INTO auth_permission VALUES(22,6,'change_session','Can change session');
INSERT INTO auth_permission VALUES(23,6,'delete_session','Can delete session');
INSERT INTO auth_permission VALUES(24,6,'view_session','Can view session');
INSERT INTO auth_permission VALUES(25,7,'add_site','Can add site');
INSERT INTO auth_permission VALUES(26,7,'change_site','Can change site');
INSERT INTO auth_permission VALUES(27,7,'delete_site','Can delete site');
INSERT INTO auth_permission VALUES(28,7,'view_site','Can view site');
INSERT INTO auth_permission VALUES(29,8,'add_emailaddress','Can add email address');
INSERT INTO auth_permission VALUES(30,8,'change_emailaddress','Can change email address');
INSERT INTO auth_permission VALUES(31,8,'delete_emailaddress','Can delete email address');
INSERT INTO auth_permission VALUES(32,8,'view_emailaddress','Can view email address');
INSERT INTO auth_permission VALUES(33,9,'add_emailconfirmation','Can add email confirmation');
INSERT INTO auth_permission VALUES(34,9,'change_emailconfirmation','Can change email confirmation');
INSERT INTO auth_permission VALUES(35,9,'delete_emailconfirmation','Can delete email confirmation');
INSERT INTO auth_permission VALUES(36,9,'view_emailconfirmation','Can view email confirmation');
INSERT INTO auth_permission VALUES(37,10,'add_socialaccount','Can add social account');
INSERT INTO auth_permission VALUES(38,10,'change_socialaccount','Can change social account');
INSERT INTO auth_permission VALUES(39,10,'delete_socialaccount','Can delete social account');
INSERT INTO auth_permission VALUES(40,10,'view_socialaccount','Can view social account');
INSERT INTO auth_permission VALUES(41,11,'add_socialapp','Can add social application');
INSERT INTO auth_permission VALUES(42,11,'change_socialapp','Can change social application');
INSERT INTO auth_permission VALUES(43,11,'delete_socialapp','Can delete social application');
INSERT INTO auth_permission VALUES(44,11,'view_socialapp','Can view social application');
INSERT INTO auth_permission VALUES(45,12,'add_socialtoken','Can add social application token');
INSERT INTO auth_permission VALUES(46,12,'change_socialtoken','Can change social application token');
INSERT INTO auth_permission VALUES(47,12,'delete_socialtoken','Can delete social application token');
INSERT INTO auth_permission VALUES(48,12,'view_socialtoken','Can view social application token');
INSERT INTO auth_permission VALUES(49,13,'add_category','Can add Catergoria');
INSERT INTO auth_permission VALUES(50,13,'change_category','Can change Catergoria');
INSERT INTO auth_permission VALUES(51,13,'delete_category','Can delete Catergoria');
INSERT INTO auth_permission VALUES(52,13,'view_category','Can view Catergoria');
INSERT INTO auth_permission VALUES(53,14,'add_profile','Can add Perfil');
INSERT INTO auth_permission VALUES(54,14,'change_profile','Can change Perfil');
INSERT INTO auth_permission VALUES(55,14,'delete_profile','Can delete Perfil');
INSERT INTO auth_permission VALUES(56,14,'view_profile','Can view Perfil');
INSERT INTO auth_permission VALUES(57,15,'add_service','Can add Serviço');
INSERT INTO auth_permission VALUES(58,15,'change_service','Can change Serviço');
INSERT INTO auth_permission VALUES(59,15,'delete_service','Can delete Serviço');
INSERT INTO auth_permission VALUES(60,15,'view_service','Can view Serviço');
INSERT INTO auth_permission VALUES(61,16,'add_review','Can add Avaliação');
INSERT INTO auth_permission VALUES(62,16,'change_review','Can change Avaliação');
INSERT INTO auth_permission VALUES(63,16,'delete_review','Can delete Avaliação');
INSERT INTO auth_permission VALUES(64,16,'view_review','Can view Avaliação');
INSERT INTO auth_permission VALUES(65,17,'add_phonenumber','Can add Telefone');
INSERT INTO auth_permission VALUES(66,17,'change_phonenumber','Can change Telefone');
INSERT INTO auth_permission VALUES(67,17,'delete_phonenumber','Can delete Telefone');
INSERT INTO auth_permission VALUES(68,17,'view_phonenumber','Can view Telefone');
CREATE TABLE IF NOT EXISTS "auth_group" ("id" integer NOT NULL PRIMARY KEY AUTOINCREMENT, "name" varchar(150) NOT NULL UNIQUE);
CREATE TABLE IF NOT EXISTS "auth_user" ("id" integer NOT NULL PRIMARY KEY AUTOINCREMENT, "password" varchar(128) NOT NULL, "last_login" datetime NULL, "is_superuser" bool NOT NULL, "username" varchar(150) NOT NULL UNIQUE, "last_name" varchar(150) NOT NULL, "email" varchar(254) NOT NULL, "is_staff" bool NOT NULL, "is_active" bool NOT NULL, "date_joined" datetime NOT NULL, "first_name" varchar(150) NOT NULL);
INSERT INTO auth_user VALUES(1,'pbkdf2_sha256$260000$loNcXDeYYeOFB6LeFNTfbf$p8pe6BrO3xapgKYky8LIe3Qm8cKdcOywz0tCuNbdauQ=','2021-11-26 00:50:12',1,'admin','teste','',1,1,'2021-11-26 00:30:21','admin');
INSERT INTO auth_user VALUES(2,'pbkdf2_sha256$260000$XzVJlM7QbuWUzgc9N28U3J$mhYWJjRsbkueMoYhu/lNokGmFXRZELoO3e4gwvLf9jw=','2021-11-26 00:45:27',0,'abadias','teste','',0,1,'2021-11-26 00:45:27','Abadias');
INSERT INTO auth_user VALUES(3,'pbkdf2_sha256$260000$Fim2WwxMyCziJSw0GLR1tz$Z2RDFyXdb4FZh49SyePcOYx2+bwhmvv5tptYiJjs8vE=','2021-11-26 00:46:13',0,'carlos','teste','',0,1,'2021-11-26 00:46:12','Carlos');
INSERT INTO auth_user VALUES(4,'pbkdf2_sha256$260000$jWYaEpyxJOxD48V4FQFA7Z$wtc6gxYEEbTOCDaAARe/XTiZlJibj5AgUMxAvf67LOM=','2021-11-26 00:46:32',0,'jonas','teste','',0,1,'2021-11-26 00:46:31','jonas');
INSERT INTO auth_user VALUES(5,'pbkdf2_sha256$260000$KmzOWxItfv1Moqwmbxft0a$ncGoTmGk5RQ+qsUCjshcgQHLD4T/T+/MUmT41Upk+4o=','2021-11-26 00:46:54',0,'Robert22','teste','',0,1,'2021-11-26 00:46:54','Robert22');
INSERT INTO auth_user VALUES(6,'pbkdf2_sha256$260000$4E6HVfWm63V8tetgCSLwb7$N92w3CgSOVxPk0BqpXqZM9XYqkWPxrNFa4W1/BUiA/s=','2021-11-26 00:47:17',0,'pianista','teste','',0,1,'2021-11-26 00:47:16','pianista');
INSERT INTO auth_user VALUES(7,'pbkdf2_sha256$260000$JAnk3tuw1YrVCd9KdcFCJO$oWliJFFq7AwBY6e1XtIEolvO/QUZ7dcsGPhxlps5eS8=','2021-11-26 00:47:48',0,'cavalodetroia','teste','',0,1,'2021-11-26 00:47:48','cavalodetroia');
INSERT INTO auth_user VALUES(8,'pbkdf2_sha256$260000$4NkE8e0gk9BjwNXBt1Y4BL$tR6iVshEv6zQer+MyS/4P7JlMqfIlzah8NQ5jqgO8pY=','2021-11-26 00:48:15',0,'binguelinho','teste','',0,1,'2021-11-26 00:48:15','binguelinho');
INSERT INTO auth_user VALUES(9,'pbkdf2_sha256$260000$OqKBSwo2ZDaGsm7eJnduHg$ke32hbxYNCPAY4cpJbvyjeInZgjA+GOlE2i88dFbPjc=','2021-11-26 00:48:42',0,'monica','teste','',0,1,'2021-11-26 00:48:42','monica');
INSERT INTO auth_user VALUES(10,'pbkdf2_sha256$260000$tKi5V1VT6XNmZEIhsgjGVw$aTjywAFB8XvU7KGSz7xt/GYbqHj7NSqiVu+6HodjUAQ=','2021-11-26 00:49:23',0,'cascao','teste','',0,1,'2021-11-26 00:49:15','cascao');
CREATE TABLE IF NOT EXISTS "core_category" ("id" integer NOT NULL PRIMARY KEY AUTOINCREMENT, "name" varchar(30) NOT NULL UNIQUE, "description" text NOT NULL, "created" datetime NOT NULL, "modified" datetime NOT NULL);
INSERT INTO core_category VALUES(1,'Pesados','Pesados','2021-11-26 00:54:01.048288','2021-11-26 00:54:01.048333');
INSERT INTO core_category VALUES(2,'Sujos','Sujos','2021-11-26 00:54:30.782555','2021-11-26 00:54:30.782589');
INSERT INTO core_category VALUES(3,'Leves','Leves','2021-11-26 00:54:42.125339','2021-11-26 00:54:42.125380');
INSERT INTO core_category VALUES(4,'Industrial','Industrial','2021-11-26 00:54:51.444099','2021-11-26 00:54:51.444130');
INSERT INTO core_category VALUES(5,'Transpostes','Transpostes','2021-11-26 00:55:14.932106','2021-11-26 00:55:14.932152');
CREATE TABLE IF NOT EXISTS "core_service" ("id" integer NOT NULL PRIMARY KEY AUTOINCREMENT, "name" varchar(30) NOT NULL UNIQUE, "created" datetime NOT NULL, "modified" datetime NOT NULL);
INSERT INTO core_service VALUES(1,'Servico1','2021-11-26 00:54:04.797317','2021-11-26 00:54:04.797354');
INSERT INTO core_service VALUES(2,'Servico2','2021-11-26 00:55:29.621818','2021-11-26 00:55:29.621864');
INSERT INTO core_service VALUES(3,'servico45','2021-11-26 00:55:41.137399','2021-11-26 00:55:41.137439');
INSERT INTO core_service VALUES(4,'seriiicos','2021-11-26 00:55:56.417323','2021-11-26 00:55:56.417355');
INSERT INTO core_service VALUES(5,'frentistas','2021-11-26 00:56:09.683345','2021-11-26 00:56:09.683376');
CREATE TABLE IF NOT EXISTS "core_service_categories" ("id" integer NOT NULL PRIMARY KEY AUTOINCREMENT, "service_id" bigint NOT NULL REFERENCES "core_service" ("id") DEFERRABLE INITIALLY DEFERRED, "category_id" bigint NOT NULL REFERENCES "core_category" ("id") DEFERRABLE INITIALLY DEFERRED);
INSERT INTO core_service_categories VALUES(1,1,1);
INSERT INTO core_service_categories VALUES(2,2,1);
INSERT INTO core_service_categories VALUES(3,3,3);
INSERT INTO core_service_categories VALUES(4,4,4);
INSERT INTO core_service_categories VALUES(5,5,5);
CREATE TABLE IF NOT EXISTS "core_review" ("id" integer NOT NULL PRIMARY KEY AUTOINCREMENT, "title" varchar(60) NULL, "comment" text NULL, "stars" integer NOT NULL, "created" datetime NOT NULL, "modified" datetime NOT NULL, "profile_id" bigint NOT NULL REFERENCES "core_profile" ("id") DEFERRABLE INITIALLY DEFERRED, "user_id" integer NOT NULL REFERENCES "auth_user" ("id") DEFERRABLE INITIALLY DEFERRED);
INSERT INTO core_review VALUES(1,'perspiciatis unde omnis iste natus error','teachings of the great explorer of the truth, the master-builder of human happiness. No one rejects, dislikes, or avoids pleasure itself, because it is pleasure, but because those who do not know how to pursue pleasure rationally encounter consequenc',3,'2021-11-26 01:05:37.515976','2021-11-26 01:05:37.516009',2,7);
INSERT INTO core_review VALUES(2,'pleasure rationally encounter consequenc','teachings of the great explorer of the truth, the master-builder of human happiness. No one rejects, dislikes, or avoids pleasure itself, because it is pleasure, but because those who do not know how to pursue pleasure rationally encounter consequenc',4,'2021-11-26 01:06:01.311022','2021-11-26 01:06:01.311058',3,4);
INSERT INTO core_review VALUES(3,'voluptatem sequi nesciun','untur magni dolores eos qui ratione voluptatem sequi nesciunt. Neque porro quisquam est, qui dolorem ipsum quia dolor sit amet, consectetur, adipisci velit, sed quia non numquam eius modi tempora incidunt ut labore et dolore magnam aliquam quaerat vo',2,'2021-11-26 01:06:29.919218','2021-11-26 01:06:29.919264',9,2);
INSERT INTO core_review VALUES(4,'sequi nesciun','Sed ut perspiciatis unde omnis iste natus error sit voluptatem accusantium doloremque laudantium, totam rem aperiam, eaque ipsa quae ab illo inventore veritatis et quasi architecto beatae vitae dicta sunt explicabo. Nemo enim ipsam voluptatem quia vo',3,'2021-11-26 01:06:59.832293','2021-11-26 01:06:59.832328',8,8);
INSERT INTO core_review VALUES(5,'eaque ipsa quae ab illo','Sed ut perspiciatis unde omnis iste natus error sit voluptatem accusantium doloremque laudantium, totam rem aperiam, eaque ipsa quae ab illo inventore veritatis et quasi architecto beatae vitae dicta sunt explicabo. Nemo enim ipsam voluptatem quia vo',5,'2021-11-26 01:07:16.959914','2021-11-26 01:07:16.959948',2,5);
CREATE TABLE IF NOT EXISTS "core_profile_services" ("id" integer NOT NULL PRIMARY KEY AUTOINCREMENT, "profile_id" bigint NOT NULL REFERENCES "core_profile" ("id") DEFERRABLE INITIALLY DEFERRED, "service_id" bigint NOT NULL REFERENCES "core_service" ("id") DEFERRABLE INITIALLY DEFERRED);
INSERT INTO core_profile_services VALUES(1,1,1);
INSERT INTO core_profile_services VALUES(2,1,2);
INSERT INTO core_profile_services VALUES(3,1,3);
INSERT INTO core_profile_services VALUES(4,1,4);
INSERT INTO core_profile_services VALUES(5,1,5);
INSERT INTO core_profile_services VALUES(6,2,5);
INSERT INTO core_profile_services VALUES(7,3,3);
INSERT INTO core_profile_services VALUES(8,4,4);
INSERT INTO core_profile_services VALUES(9,5,2);
INSERT INTO core_profile_services VALUES(10,7,2);
INSERT INTO core_profile_services VALUES(11,8,4);
INSERT INTO core_profile_services VALUES(12,9,5);
INSERT INTO core_profile_services VALUES(13,10,1);
CREATE TABLE IF NOT EXISTS "core_profile" ("id" integer NOT NULL PRIMARY KEY AUTOINCREMENT, "picture" varchar(100) NULL, "birth_date" date NULL, "gender" varchar(1) NULL, "profile_description" text NULL, "social_number" varchar(11) NULL UNIQUE, "zip_code" varchar(8) NULL, "street" varchar(100) NULL, "number" varchar(8) NULL, "complement" varchar(100) NULL, "district" varchar(100) NULL, "city" varchar(50) NOT NULL, "state" varchar(2) NULL, "created" datetime NOT NULL, "modified" datetime NOT NULL, "user_id" integer NOT NULL UNIQUE REFERENCES "auth_user" ("id") DEFERRABLE INITIALLY DEFERRED);
INSERT INTO core_profile VALUES(1,'profile_pics/default.png','2021-11-25','M','Contrary to popular belief, Lorem Ipsum is not simply random text. It has roots in a piece of classical Latin literature from 45 BC, making it over 2000 years old. Richard McClintock, a Latin professor at Hampden-Sydney College in Virginia, looked up one of the more obscure Latin words, consectetur, from a Lorem Ipsum passage, and going through the cites of the word in classical literature, discovered the undoubtable source. Lorem Ipsum comes from sections 1.10.32 and 1.10.33 of "de Finibus Bono','11111111111','15158000','Logradouro','Numero','Complemento','Bairro','Catanduva','SP','2021-11-26 00:30:21.606642','2021-11-26 00:58:46.695768',1);
INSERT INTO core_profile VALUES(2,'profile_pics/default.png','2021-11-25','M','Contrary to popular belief, Lorem Ipsum is not simply random text. It has roots in a piece of classical Latin literature from 45 BC, making it over 2000 years old. Richard McClintock, a Latin professor at Hampden-Sydney College in Virginia, looked up one of the more obscure Latin words, consectetur, from a Lorem Ipsum passage, and going through the cites of the word in classical literature, discovered the undoubtable source. Lorem Ipsum comes from sections 1.10.32 and 1.10.33 of "de Finibus Bono','22222222222','15158000','Logradouro','Numero','Complemento','Bairro','Catanduva','SP','2021-11-26 00:45:27.295924','2021-11-26 00:58:51.731736',2);
INSERT INTO core_profile VALUES(3,'profile_pics/default.png','2021-11-25','O','Contrary to popular belief, Lorem Ipsum is not simply random text. It has roots in a piece of classical Latin literature from 45 BC, making it over 2000 years old. Richard McClintock, a Latin professor at Hampden-Sydney College in Virginia, looked up one of the more obscure Latin words, consectetur, from a Lorem Ipsum passage, and going through the cites of the word in classical literature, discovered the undoubtable source. Lorem Ipsum comes from sections 1.10.32 and 1.10.33 of "de Finibus Bono','33333333333','15158000','Logradouro','Numero','Complemento','Bairro','Catanduva','SP','2021-11-26 00:46:13.014462','2021-11-26 00:59:18.779972',3);
INSERT INTO core_profile VALUES(4,'profile_pics/default.png','2021-11-25','F','Contrary to popular belief, Lorem Ipsum is not simply random text. It has roots in a piece of classical Latin literature from 45 BC, making it over 2000 years old. Richard McClintock, a Latin professor at Hampden-Sydney College in Virginia, looked up one of the more obscure Latin words, consectetur, from a Lorem Ipsum passage, and going through the cites of the word in classical literature, discovered the undoubtable source. Lorem Ipsum comes from sections 1.10.32 and 1.10.33 of "de Finibus Bono','44444444444','15158000','Logradouro','Numero','Complemento','Bairro','Catanduva','SP','2021-11-26 00:46:32.017689','2021-11-26 00:59:43.500206',4);
INSERT INTO core_profile VALUES(5,'profile_pics/default.png','2021-11-25','M','Contrary to popular belief, Lorem Ipsum is not simply random text. It has roots in a piece of classical Latin literature from 45 BC, making it over 2000 years old. Richard McClintock, a Latin professor at Hampden-Sydney College in Virginia, looked up one of the more obscure Latin words, consectetur, from a Lorem Ipsum passage, and going through the cites of the word in classical literature, discovered the undoubtable source. Lorem Ipsum comes from sections 1.10.32 and 1.10.33 of "de Finibus Bono','55555555555','15158000','Logradouro','Numero','Complemento','Bairro','Catanduva','SP','2021-11-26 00:46:54.551015','2021-11-26 01:01:04.201397',5);
INSERT INTO core_profile VALUES(6,'profile_pics/default.png','2021-11-25','M','Contrary to popular belief, Lorem Ipsum is not simply random text. It has roots in a piece of classical Latin literature from 45 BC, making it over 2000 years old. Richard McClintock, a Latin professor at Hampden-Sydney College in Virginia, looked up one of the more obscure Latin words, consectetur, from a Lorem Ipsum passage, and going through the cites of the word in classical literature, discovered the undoubtable source. Lorem Ipsum comes from sections 1.10.32 and 1.10.33 of "de Finibus Bono','66666666666','15158000','Logradouro','Numero','Complemento','Bairro','Catanduva','SP','2021-11-26 00:47:16.986449','2021-11-26 01:01:24.893968',6);
INSERT INTO core_profile VALUES(7,'profile_pics/default.png','2021-11-25','M','Contrary to popular belief, Lorem Ipsum is not simply random text. It has roots in a piece of classical Latin literature from 45 BC, making it over 2000 years old. Richard McClintock, a Latin professor at Hampden-Sydney College in Virginia, looked up one of the more obscure Latin words, consectetur, from a Lorem Ipsum passage, and going through the cites of the word in classical literature, discovered the undoubtable source. Lorem Ipsum comes from sections 1.10.32 and 1.10.33 of "de Finibus Bono','77777777777','15888888','Rua tal','Numero','Coplementar','Bairroso','Pindorama','SP','2021-11-26 00:47:48.460687','2021-11-26 01:17:43.538185',7);
INSERT INTO core_profile VALUES(8,'profile_pics/default.png','2021-11-25','F','Contrary to popular belief, Lorem Ipsum is not simply random text. It has roots in a piece of classical Latin literature from 45 BC, making it over 2000 years old. Richard McClintock, a Latin professor at Hampden-Sydney College in Virginia, looked up one of the more obscure Latin words, consectetur, from a Lorem Ipsum passage, and going through the cites of the word in classical literature, discovered the undoubtable source. Lorem Ipsum comes from sections 1.10.32 and 1.10.33 of "de Finibus Bono','88888888888','15888888','Rua tal','Numero','Complemento','Bairro','Pindorama','SP','2021-11-26 00:48:15.550558','2021-11-26 01:03:22.954128',8);
INSERT INTO core_profile VALUES(9,'profile_pics/default.png','2021-11-25','O','Contrary to popular belief, Lorem Ipsum is not simply random text. It has roots in a piece of classical Latin literature from 45 BC, making it over 2000 years old. Richard McClintock, a Latin professor at Hampden-Sydney College in Virginia, looked up one of the more obscure Latin words, consectetur, from a Lorem Ipsum passage, and going through the cites of the word in classical literature, discovered the undoubtable source. Lorem Ipsum comes from sections 1.10.32 and 1.10.33 of "de Finibus Bono','99999999999','15888888','Rua tal','Numero','Complemento','Bairro','Pindorama','SP','2021-11-26 00:48:42.557120','2021-11-26 01:03:52.089641',9);
INSERT INTO core_profile VALUES(10,'profile_pics/default.png','2021-11-25','F','Contrary to popular belief, Lorem Ipsum is not simply random text. It has roots in a piece of classical Latin literature from 45 BC, making it over 2000 years old. Richard McClintock, a Latin professor at Hampden-Sydney College in Virginia, looked up one of the more obscure Latin words, consectetur, from a Lorem Ipsum passage, and going through the cites of the word in classical literature, discovered the undoubtable source. Lorem Ipsum comes from sections 1.10.32 and 1.10.33 of "de Finibus Bono','59888888888','15158000','Logradouro','Numero','Coplementar','Bairroso','Catanduva','SP','2021-11-26 00:49:16.165148','2021-11-26 01:04:21.906451',10);
CREATE TABLE IF NOT EXISTS "core_phonenumber" ("id" integer NOT NULL PRIMARY KEY AUTOINCREMENT, "phone_number" varchar(11) NOT NULL UNIQUE, "type" varchar(3) NOT NULL, "created" datetime NOT NULL, "modified" datetime NOT NULL, "user_id" integer NOT NULL REFERENCES "auth_user" ("id") DEFERRABLE INITIALLY DEFERRED);
CREATE TABLE IF NOT EXISTS "django_session" ("session_key" varchar(40) NOT NULL PRIMARY KEY, "session_data" text NOT NULL, "expire_date" datetime NOT NULL);
INSERT INTO django_session VALUES('keunabujkpt3shbryqt6dhtg07ir9syb','.eJxVjEEOgjAQRe_SNSGFii0s3XuGZqYzlWotCVA3xrtbDDEh81fv_T9vAc5NOa32xXPwgcnyE0IUQ8oxVn-bF57FIEBUwkJexx-wgQpr5BEiuAenzdAd0m2q3ZTWOWC9VerdLvV1Io6XvXt4MMIylrU5dRpMrxH5rCSprsR4klq3ngh0j-BRQUvKYCuxHDntTacUkmyYxecL1U1KeQ:1mqPQZ:_MnqTSBrWW7Hpg6s7SL7cJgafkA1zzilUTNpHUqX4Nc','2021-12-10 00:49:23.947025');
INSERT INTO django_session VALUES('cbadd7t8bayweez61hsn0j7mmef428or','.eJxVjMsOwiAQAP-FsyGUh4BH735Ds-wuUjWQlPZk_HdD0oNeZybzFjPsW5n3zuu8kLiISZx-WQJ8ch2CHlDvTWKr27okORJ52C5vjfh1Pdq_QYFexlYHA9555TBG4zIaC1kR66QoRZgyYmBMVhkFhBwIz8F7BiTUZCyLzxfwzzkV:1mqPRM:XOIJsDUGPmam7exPP1sz0-EJZeHV8UtmC-yW3ZoaBEs','2021-12-10 00:50:12.612841');
CREATE TABLE IF NOT EXISTS "django_site" ("id" integer NOT NULL PRIMARY KEY AUTOINCREMENT, "name" varchar(50) NOT NULL, "domain" varchar(100) NOT NULL UNIQUE);
INSERT INTO django_site VALUES(1,'example.com','example.com');
CREATE TABLE IF NOT EXISTS "socialaccount_socialapp_sites" ("id" integer NOT NULL PRIMARY KEY AUTOINCREMENT, "socialapp_id" integer NOT NULL REFERENCES "socialaccount_socialapp" ("id") DEFERRABLE INITIALLY DEFERRED, "site_id" integer NOT NULL REFERENCES "django_site" ("id") DEFERRABLE INITIALLY DEFERRED);
CREATE TABLE IF NOT EXISTS "socialaccount_socialaccount" ("id" integer NOT NULL PRIMARY KEY AUTOINCREMENT, "provider" varchar(30) NOT NULL, "uid" varchar(191) NOT NULL, "last_login" datetime NOT NULL, "date_joined" datetime NOT NULL, "extra_data" text NOT NULL, "user_id" integer NOT NULL REFERENCES "auth_user" ("id") DEFERRABLE INITIALLY DEFERRED);
CREATE TABLE IF NOT EXISTS "socialaccount_socialapp" ("id" integer NOT NULL PRIMARY KEY AUTOINCREMENT, "provider" varchar(30) NOT NULL, "name" varchar(40) NOT NULL, "client_id" varchar(191) NOT NULL, "secret" varchar(191) NOT NULL, "key" varchar(191) NOT NULL);
CREATE TABLE IF NOT EXISTS "socialaccount_socialtoken" ("id" integer NOT NULL PRIMARY KEY AUTOINCREMENT, "token" text NOT NULL, "token_secret" text NOT NULL, "expires_at" datetime NULL, "account_id" bigint NOT NULL REFERENCES "socialaccount_socialaccount" ("id") DEFERRABLE INITIALLY DEFERRED, "app_id" bigint NOT NULL REFERENCES "socialaccount_socialapp" ("id") DEFERRABLE INITIALLY DEFERRED);
DELETE FROM sqlite_sequence;
INSERT INTO sqlite_sequence VALUES('django_migrations',28);
INSERT INTO sqlite_sequence VALUES('account_emailaddress',0);
INSERT INTO sqlite_sequence VALUES('account_emailconfirmation',0);
INSERT INTO sqlite_sequence VALUES('django_admin_log',42);
INSERT INTO sqlite_sequence VALUES('django_content_type',17);
INSERT INTO sqlite_sequence VALUES('auth_permission',68);
INSERT INTO sqlite_sequence VALUES('auth_group',0);
INSERT INTO sqlite_sequence VALUES('auth_user',10);
INSERT INTO sqlite_sequence VALUES('core_profile',10);
INSERT INTO sqlite_sequence VALUES('django_site',1);
INSERT INTO sqlite_sequence VALUES('socialaccount_socialaccount',0);
INSERT INTO sqlite_sequence VALUES('socialaccount_socialapp',0);
INSERT INTO sqlite_sequence VALUES('socialaccount_socialtoken',0);
INSERT INTO sqlite_sequence VALUES('core_category',5);
INSERT INTO sqlite_sequence VALUES('core_service',5);
INSERT INTO sqlite_sequence VALUES('core_service_categories',5);
INSERT INTO sqlite_sequence VALUES('core_profile_services',13);
INSERT INTO sqlite_sequence VALUES('core_review',5);
CREATE UNIQUE INDEX "auth_group_permissions_group_id_permission_id_0cd325b0_uniq" ON "auth_group_permissions" ("group_id", "permission_id");
CREATE INDEX "auth_group_permissions_group_id_b120cbf9" ON "auth_group_permissions" ("group_id");
CREATE INDEX "auth_group_permissions_permission_id_84c5c92e" ON "auth_group_permissions" ("permission_id");
CREATE UNIQUE INDEX "auth_user_groups_user_id_group_id_94350c0c_uniq" ON "auth_user_groups" ("user_id", "group_id");
CREATE INDEX "auth_user_groups_user_id_6a12ed8b" ON "auth_user_groups" ("user_id");
CREATE INDEX "auth_user_groups_group_id_97559544" ON "auth_user_groups" ("group_id");
CREATE UNIQUE INDEX "auth_user_user_permissions_user_id_permission_id_14a6b632_uniq" ON "auth_user_user_permissions" ("user_id", "permission_id");
CREATE INDEX "auth_user_user_permissions_user_id_a95ead1b" ON "auth_user_user_permissions" ("user_id");
CREATE INDEX "auth_user_user_permissions_permission_id_1fbb5f2c" ON "auth_user_user_permissions" ("permission_id");
CREATE INDEX "account_emailaddress_user_id_2c513194" ON "account_emailaddress" ("user_id");
CREATE INDEX "account_emailconfirmation_email_address_id_5b7f8c58" ON "account_emailconfirmation" ("email_address_id");
CREATE INDEX "django_admin_log_content_type_id_c4bce8eb" ON "django_admin_log" ("content_type_id");
CREATE INDEX "django_admin_log_user_id_c564eba6" ON "django_admin_log" ("user_id");
CREATE UNIQUE INDEX "django_content_type_app_label_model_76bd3d3b_uniq" ON "django_content_type" ("app_label", "model");
CREATE UNIQUE INDEX "auth_permission_content_type_id_codename_01ab375a_uniq" ON "auth_permission" ("content_type_id", "codename");
CREATE INDEX "auth_permission_content_type_id_2f476e4b" ON "auth_permission" ("content_type_id");
CREATE UNIQUE INDEX "core_service_categories_service_id_category_id_941a3dcb_uniq" ON "core_service_categories" ("service_id", "category_id");
CREATE INDEX "core_service_categories_service_id_cef7d05c" ON "core_service_categories" ("service_id");
CREATE INDEX "core_service_categories_category_id_ebcf6067" ON "core_service_categories" ("category_id");
CREATE INDEX "core_review_profile_id_717f882f" ON "core_review" ("profile_id");
CREATE INDEX "core_review_user_id_b6106194" ON "core_review" ("user_id");
CREATE UNIQUE INDEX "core_profile_services_profile_id_service_id_ef58d4cd_uniq" ON "core_profile_services" ("profile_id", "service_id");
CREATE INDEX "core_profile_services_profile_id_c2d48c6a" ON "core_profile_services" ("profile_id");
CREATE INDEX "core_profile_services_service_id_4f5ee859" ON "core_profile_services" ("service_id");
CREATE INDEX "core_phonenumber_user_id_501fb2b2" ON "core_phonenumber" ("user_id");
CREATE INDEX "django_session_expire_date_a5c62663" ON "django_session" ("expire_date");
CREATE UNIQUE INDEX "socialaccount_socialapp_sites_socialapp_id_site_id_71a9a768_uniq" ON "socialaccount_socialapp_sites" ("socialapp_id", "site_id");
CREATE INDEX "socialaccount_socialapp_sites_socialapp_id_97fb6e7d" ON "socialaccount_socialapp_sites" ("socialapp_id");
CREATE INDEX "socialaccount_socialapp_sites_site_id_2579dee5" ON "socialaccount_socialapp_sites" ("site_id");
CREATE UNIQUE INDEX "socialaccount_socialaccount_provider_uid_fc810c6e_uniq" ON "socialaccount_socialaccount" ("provider", "uid");
CREATE INDEX "socialaccount_socialaccount_user_id_8146e70c" ON "socialaccount_socialaccount" ("user_id");
CREATE UNIQUE INDEX "socialaccount_socialtoken_app_id_account_id_fca4e0ac_uniq" ON "socialaccount_socialtoken" ("app_id", "account_id");
CREATE INDEX "socialaccount_socialtoken_account_id_951f210e" ON "socialaccount_socialtoken" ("account_id");
CREATE INDEX "socialaccount_socialtoken_app_id_636a42d7" ON "socialaccount_socialtoken" ("app_id");
COMMIT;
